model,imgsz,fps_level,stride,precision,buf_mode,track_buffer,seq,mota,idf1,num_switches,idsw_per_gt_track,mostly_tracked_ratio,mostly_lost,n_gt_tracks,n_strided_frames
yolo26n,640,30,1,fp32,scaled,30,MOT17-09,0.5794392523364487,0.5822272784730123,34,1.3076923076923077,0.6153846153846154,3,26,525
yolo26n,640,30,1,fp32,scaled,30,MOT17-02,0.3125731928031513,0.4411060309166122,34,0.6415094339622641,0.20754716981132076,31,53,600
yolo26n,640,30,1,fp32,scaled,30,MOT17-04,0.2459255166871751,0.3618947491384849,33,0.4177215189873418,0.08860759493670886,50,79,1050
yolo26n,640,30,1,int8,scaled,30,MOT17-09,0.6696929238985314,0.6709996904982978,35,1.3461538461538463,0.34615384615384615,3,26,525
yolo26n,640,30,1,int8,scaled,30,MOT17-02,0.22995847971893968,0.3813478122005749,13,0.24528301886792453,0.11320754716981132,38,53,600
yolo26n,640,30,1,int8,scaled,30,MOT17-04,0.12149368423696039,0.18450930012956496,30,0.379746835443038,0.012658227848101266,62,79,1050
yolo26n,640,30,1,trt,scaled,30,MOT17-09,0.7041388518024032,0.6069210292812778,36,1.3846153846153846,0.46153846153846156,3,26,525
yolo26n,640,30,1,trt,scaled,30,MOT17-02,0.23049079101458536,0.41050640279394646,18,0.33962264150943394,0.1320754716981132,33,53,600
yolo26n,640,30,1,trt,scaled,30,MOT17-04,0.19647924461967303,0.29919317331607787,32,0.4050632911392405,0.05063291139240506,52,79,1050
yolo26n,640,15,2,fp32,scaled,15,MOT17-09,0.5756929637526653,0.6224151136073526,29,1.1153846153846154,0.5384615384615384,3,26,263
yolo26n,640,15,2,fp32,scaled,15,MOT17-02,0.31026405451448036,0.43787678282605497,22,0.4230769230769231,0.21153846153846154,31,52,300
yolo26n,640,15,2,fp32,scaled,15,MOT17-04,0.23789431384368098,0.36075477619552,25,0.31645569620253167,0.0759493670886076,52,79,525
yolo26n,640,15,2,int8,scaled,15,MOT17-09,0.6481876332622601,0.6469663627790003,31,1.1923076923076923,0.34615384615384615,3,26,263
yolo26n,640,15,2,int8,scaled,15,MOT17-02,0.23083475298126066,0.3619233268356075,12,0.23076923076923078,0.07692307692307693,37,52,300
yolo26n,640,15,2,int8,scaled,15,MOT17-04,0.1184448462929476,0.18187428369919775,24,0.3037974683544304,0.012658227848101266,62,79,525
yolo26n,640,15,2,trt,scaled,15,MOT17-09,0.687633262260128,0.6282127913927077,42,1.6153846153846154,0.46153846153846156,3,26,263
yolo26n,640,15,2,trt,scaled,15,MOT17-02,0.22870528109028965,0.4086432456269293,15,0.28846153846153844,0.1346153846153846,32,52,300
yolo26n,640,15,2,trt,scaled,15,MOT17-04,0.19012457303596542,0.2864231676563898,29,0.3670886075949367,0.05063291139240506,52,79,525
yolo26n,640,10,3,fp32,scaled,10,MOT17-09,0.5749799518845229,0.6047600468201326,37,1.4230769230769231,0.5769230769230769,3,26,175
yolo26n,640,10,3,fp32,scaled,10,MOT17-02,0.3134996801023673,0.42256042972247093,24,0.46153846153846156,0.19230769230769232,31,52,200
yolo26n,640,10,3,fp32,scaled,10,MOT17-04,0.23249679704574577,0.34181258873639375,24,0.3037974683544304,0.0759493670886076,52,79,350
yolo26n,640,10,3,int8,scaled,10,MOT17-09,0.6230954290296712,0.6733620277379244,23,0.8846153846153846,0.3076923076923077,3,26,175
yolo26n,640,10,3,int8,scaled,10,MOT17-02,0.21657069737683943,0.36848544164423785,8,0.15384615384615385,0.09615384615384616,39,52,200
yolo26n,640,10,3,int8,scaled,10,MOT17-04,0.11191498982590997,0.17280830118398297,24,0.3037974683544304,0.012658227848101266,62,79,350
yolo26n,640,10,3,trt,scaled,10,MOT17-09,0.6615878107457899,0.618744313011829,40,1.5384615384615385,0.46153846153846156,3,26,175
yolo26n,640,10,3,trt,scaled,10,MOT17-02,0.2111324376199616,0.3856282079892881,21,0.40384615384615385,0.11538461538461539,33,52,200
yolo26n,640,10,3,trt,scaled,10,MOT17-04,0.18403798326927423,0.28745237802629964,31,0.3924050632911392,0.05063291139240506,53,79,350
yolo26n,640,7,4,fp32,scaled,8,MOT17-09,0.5626326963906582,0.5817028027498677,55,2.1153846153846154,0.5384615384615384,3,26,132
yolo26n,640,7,4,fp32,scaled,8,MOT17-02,0.3083475298126065,0.4746474647464746,17,0.3269230769230769,0.17307692307692307,32,52,150
yolo26n,640,7,4,fp32,scaled,8,MOT17-04,0.2302446851183313,0.34843700663088095,20,0.25316455696202533,0.0759493670886076,54,79,263
yolo26n,640,7,4,int8,scaled,8,MOT17-09,0.5828025477707006,0.6170622193713919,40,1.5384615384615385,0.2692307692307692,4,26,132
yolo26n,640,7,4,int8,scaled,8,MOT17-02,0.22061328790459966,0.36327477626781574,9,0.17307692307692307,0.07692307692307693,39,52,150
yolo26n,640,7,4,int8,scaled,8,MOT17-04,0.11111111111111116,0.16569097037431257,20,0.25316455696202533,0.012658227848101266,63,79,263
yolo26n,640,7,4,trt,scaled,8,MOT17-09,0.6433121019108281,0.6038882138517618,38,1.4615384615384615,0.38461538461538464,3,26,132
yolo26n,640,7,4,trt,scaled,8,MOT17-02,0.20911413969335602,0.359510301582562,16,0.3076923076923077,0.11538461538461539,33,52,150
yolo26n,640,7,4,trt,scaled,8,MOT17-04,0.18020457280385083,0.26771782869343846,28,0.35443037974683544,0.012658227848101266,54,79,263
yolo26n,640,5,6,fp32,scaled,5,MOT17-09,0.4944178628389154,0.5677210056772101,56,2.1538461538461537,0.4230769230769231,4,26,88
yolo26n,640,5,6,fp32,scaled,5,MOT17-02,0.29814459373000635,0.39541284403669724,21,0.40384615384615385,0.19230769230769232,31,52,100
yolo26n,640,5,6,fp32,scaled,5,MOT17-04,0.21803377563329307,0.314703765891101,22,0.27848101265822783,0.06329113924050633,54,79,175
yolo26n,640,5,6,int8,scaled,5,MOT17-09,0.5247208931419458,0.5668662674650699,30,1.1538461538461537,0.2692307692307692,6,26,88
yolo26n,640,5,6,int8,scaled,5,MOT17-02,0.20345489443378117,0.34782608695652173,7,0.1346153846153846,0.07692307692307693,42,52,100
yolo26n,640,5,6,int8,scaled,5,MOT17-04,0.10012062726176119,0.1543026706231454,18,0.22784810126582278,0.0,62,79,175
yolo26n,640,5,6,trt,scaled,5,MOT17-09,0.5869218500797448,0.625,37,1.4230769230769231,0.3076923076923077,4,26,88
yolo26n,640,5,6,trt,scaled,5,MOT17-02,0.19705694177863087,0.3529949702789209,14,0.2692307692307692,0.07692307692307693,36,52,100
yolo26n,640,5,6,trt,scaled,5,MOT17-04,0.1679734620024126,0.2600249066002491,28,0.35443037974683544,0.012658227848101266,54,79,175
yolo26n,640,3,10,fp32,scaled,5,MOT17-09,0.31999999999999995,0.43478260869565216,58,2.32,0.32,4,25,53
yolo26n,640,3,10,fp32,scaled,5,MOT17-02,0.25080385852090037,0.3520900321543408,9,0.17647058823529413,0.11764705882352941,34,51,60
yolo26n,640,3,10,fp32,scaled,5,MOT17-04,0.19844064386317906,0.2946210268948655,25,0.31645569620253167,0.02531645569620253,56,79,105
yolo26n,640,3,10,int8,scaled,5,MOT17-09,0.3573333333333333,0.44165170556552963,34,1.36,0.2,9,25,53
yolo26n,640,3,10,int8,scaled,5,MOT17-02,0.165058949624866,0.23076923076923078,5,0.09803921568627451,0.058823529411764705,41,51,60
yolo26n,640,3,10,int8,scaled,5,MOT17-04,0.09180080482897379,0.14701866181156123,13,0.16455696202531644,0.0,63,79,105
yolo26n,640,3,10,trt,scaled,5,MOT17-09,0.43200000000000005,0.48739495798319327,42,1.68,0.32,5,25,53
yolo26n,640,3,10,trt,scaled,5,MOT17-02,0.16184351554126475,0.2692913385826772,14,0.27450980392156865,0.09803921568627451,37,51,60
yolo26n,640,3,10,trt,scaled,5,MOT17-04,0.15065392354124751,0.22391857506361323,27,0.34177215189873417,0.0,58,79,105
yolo26n,640,2,15,fp32,scaled,5,MOT17-09,0.15102040816326534,0.2791762013729977,65,2.6,0.28,4,25,35
yolo26n,640,2,15,fp32,scaled,5,MOT17-02,0.1773162939297125,0.24,29,0.58,0.06,33,50,40
yolo26n,640,2,15,fp32,scaled,5,MOT17-04,0.18384295960739905,0.2781415653258497,17,0.21518987341772153,0.02531645569620253,57,79,70
yolo26n,640,2,15,fp32,fixed,30,MOT17-09,0.15918367346938778,0.2786516853932584,71,2.84,0.36,3,25,35
yolo26n,640,2,15,fp32,fixed,30,MOT17-02,0.16293929712460065,0.22549019607843138,52,1.04,0.06,31,50,40
yolo26n,640,2,15,fp32,fixed,30,MOT17-04,0.19101547753869386,0.2901425914445133,17,0.21518987341772153,0.02531645569620253,57,79,70
yolo26n,640,2,15,int8,scaled,5,MOT17-09,0.28979591836734697,0.3651685393258427,30,1.2,0.16,11,25,35
yolo26n,640,2,15,int8,scaled,5,MOT17-02,0.15015974440894564,0.17765814266487215,9,0.18,0.06,41,50,40
yolo26n,640,2,15,int8,scaled,5,MOT17-04,0.07587768969422426,0.1253896778662972,13,0.16455696202531644,0.0,66,79,70
yolo26n,640,2,15,int8,fixed,30,MOT17-09,0.27755102040816326,0.2958904109589041,42,1.68,0.2,10,25,35
yolo26n,640,2,15,int8,fixed,30,MOT17-02,0.15175718849840258,0.176,15,0.3,0.06,41,50,40
yolo26n,640,2,15,int8,fixed,30,MOT17-04,0.07550018875047193,0.12404712404712405,13,0.16455696202531644,0.0,66,79,70
yolo26n,640,2,15,trt,scaled,5,MOT17-09,0.3224489795918367,0.3450134770889488,39,1.56,0.24,8,25,35
yolo26n,640,2,15,trt,scaled,5,MOT17-02,0.10702875399361023,0.2121951219512195,15,0.3,0.1,39,50,40
yolo26n,640,2,15,trt,scaled,5,MOT17-04,0.12721781804454513,0.19537609899055683,23,0.2911392405063291,0.0,60,79,70
yolo26n,640,2,15,trt,fixed,30,MOT17-09,0.310204081632653,0.3129973474801061,48,1.92,0.24,6,25,35
yolo26n,640,2,15,trt,fixed,30,MOT17-02,0.09424920127795522,0.19664268585131894,31,0.62,0.08,39,50,40
yolo26n,640,2,15,trt,fixed,30,MOT17-04,0.13137032842582108,0.2134977287475665,23,0.2911392405063291,0.0,60,79,70
yolo26n,640,1,30,fp32,scaled,5,MOT17-09,0.06349206349206349,0.25116279069767444,29,1.3181818181818181,0.22727272727272727,3,22,18
yolo26n,640,1,30,fp32,scaled,5,MOT17-02,0.10223642172523961,0.1483375959079284,30,0.6,0.06,37,50,20
yolo26n,640,1,30,fp32,scaled,5,MOT17-04,0.1338880484114977,0.21688311688311687,19,0.24358974358974358,0.01282051282051282,61,78,35
yolo26n,640,1,30,fp32,fixed,30,MOT17-09,0.05555555555555558,0.24770642201834864,29,1.3181818181818181,0.18181818181818182,3,22,18
yolo26n,640,1,30,fp32,fixed,30,MOT17-02,0.10223642172523961,0.1468354430379747,32,0.64,0.06,36,50,20
yolo26n,640,1,30,fp32,fixed,30,MOT17-04,0.13464447806354007,0.2147477360931436,24,0.3076923076923077,0.02564102564102564,61,78,35
yolo26n,640,1,30,int8,scaled,5,MOT17-09,0.17460317460317465,0.24561403508771928,15,0.6818181818181818,0.09090909090909091,10,22,18
yolo26n,640,1,30,int8,scaled,5,MOT17-02,0.08626198083067094,0.11204481792717087,11,0.22,0.0,43,50,20
yolo26n,640,1,30,int8,scaled,5,MOT17-04,0.0340393343419062,0.06676342525399129,3,0.038461538461538464,0.0,73,78,35
yolo26n,640,1,30,int8,fixed,30,MOT17-09,0.19047619047619047,0.24,17,0.7727272727272727,0.13636363636363635,9,22,18
yolo26n,640,1,30,int8,fixed,30,MOT17-02,0.09584664536741216,0.1111111111111111,11,0.22,0.0,43,50,20
yolo26n,640,1,30,int8,fixed,30,MOT17-04,0.036308623298033305,0.0694645441389291,4,0.05128205128205128,0.0,73,78,35
yolo26n,640,1,30,trt,scaled,5,MOT17-09,0.2063492063492064,0.23333333333333334,24,1.0909090909090908,0.18181818181818182,5,22,18
yolo26n,640,1,30,trt,scaled,5,MOT17-02,0.022364217252396124,0.11917098445595854,22,0.44,0.04,41,50,20
yolo26n,640,1,30,trt,scaled,5,MOT17-04,0.08245083207261727,0.1394395078605605,12,0.15384615384615385,0.0,67,78,35
yolo26n,640,1,30,trt,fixed,30,MOT17-09,0.2063492063492064,0.23076923076923078,26,1.1818181818181819,0.18181818181818182,5,22,18
yolo26n,640,1,30,trt,fixed,30,MOT17-02,0.028753993610223683,0.11794871794871795,24,0.48,0.06,40,50,20
yolo26n,640,1,30,trt,fixed,30,MOT17-04,0.0885022692889561,0.1523809523809524,11,0.14102564102564102,0.0,66,78,35
yolo26n,576,30,1,fp32,scaled,30,MOT17-09,0.6034712950600801,0.6165533786485405,42,1.6153846153846154,0.6153846153846154,3,26,525
yolo26n,576,30,1,fp32,scaled,30,MOT17-02,0.2884062599808368,0.43174976136280196,23,0.4339622641509434,0.18867924528301888,33,53,600
yolo26n,576,30,1,fp32,scaled,30,MOT17-04,0.20672509479922652,0.29439916698372015,38,0.4810126582278481,0.0759493670886076,55,79,1050
yolo26n,576,30,1,int8,scaled,30,MOT17-09,0.6267022696929239,0.6565656565656566,36,1.3846153846153846,0.3076923076923077,4,26,525
yolo26n,576,30,1,int8,scaled,30,MOT17-02,0.24912168636218457,0.37771891805120794,12,0.22641509433962265,0.07547169811320754,37,53,600
yolo26n,576,30,1,int8,scaled,30,MOT17-04,0.11740036664071718,0.1728541078038417,49,0.620253164556962,0.012658227848101266,64,79,1050
yolo26n,576,30,1,trt,scaled,30,MOT17-09,0.6918558077436583,0.6519453207150369,29,1.1153846153846154,0.5,3,26,525
yolo26n,576,30,1,trt,scaled,30,MOT17-02,0.22112211221122113,0.38915518274415817,14,0.2641509433962264,0.11320754716981132,35,53,600
yolo26n,576,30,1,trt,scaled,30,MOT17-04,0.1676753471786243,0.2302634316867119,36,0.45569620253164556,0.0379746835443038,59,79,1050
yolo26n,576,15,2,fp32,scaled,15,MOT17-09,0.6050106609808102,0.5890633459664321,47,1.8076923076923077,0.5769230769230769,3,26,263
yolo26n,576,15,2,fp32,scaled,15,MOT17-02,0.28556218057921634,0.42946058091286304,23,0.4423076923076923,0.19230769230769232,32,52,300
yolo26n,576,15,2,fp32,scaled,15,MOT17-04,0.20162748643761297,0.297294027503327,29,0.3670886075949367,0.0759493670886076,55,79,525
yolo26n,576,15,2,int8,scaled,15,MOT17-09,0.6023454157782516,0.6109510086455331,35,1.3461538461538463,0.3076923076923077,4,26,263
yolo26n,576,15,2,int8,scaled,15,MOT17-02,0.24190800681431002,0.3472721332897746,12,0.23076923076923078,0.09615384615384616,38,52,300
yolo26n,576,15,2,int8,scaled,15,MOT17-04,0.11477797870202933,0.16729703579910282,23,0.2911392405063291,0.012658227848101266,64,79,525
yolo26n,576,15,2,trt,scaled,15,MOT17-09,0.6716417910447761,0.6091185410334347,34,1.3076923076923077,0.4230769230769231,3,26,263
yolo26n,576,15,2,trt,scaled,15,MOT17-02,0.20975298126064734,0.3941006537935229,14,0.2692307692307692,0.11538461538461539,36,52,300
yolo26n,576,15,2,trt,scaled,15,MOT17-04,0.16410488245931287,0.23188284518828453,27,0.34177215189873417,0.0379746835443038,59,79,525
yolo26n,576,10,3,fp32,scaled,10,MOT17-09,0.6311146752205292,0.6532999164578112,32,1.2307692307692308,0.5,3,26,175
yolo26n,576,10,3,fp32,scaled,10,MOT17-02,0.28214971209213047,0.3793647217841856,25,0.4807692307692308,0.19230769230769232,32,52,200
yolo26n,576,10,3,fp32,scaled,10,MOT17-04,0.19451352777149744,0.2948702327281589,26,0.3291139240506329,0.06329113924050633,56,79,350
yolo26n,576,10,3,int8,scaled,10,MOT17-09,0.5854049719326384,0.6498789346246974,32,1.2307692307692308,0.34615384615384615,6,26,175
yolo26n,576,10,3,int8,scaled,10,MOT17-02,0.23224568138195778,0.32374814080317305,14,0.2692307692307692,0.07692307692307693,39,52,200
yolo26n,576,10,3,int8,scaled,10,MOT17-04,0.11003089908810004,0.16036670431143293,24,0.3037974683544304,0.012658227848101266,65,79,350
yolo26n,576,10,3,trt,scaled,10,MOT17-09,0.6439454691259021,0.6703550023052097,35,1.3461538461538463,0.34615384615384615,3,26,175
yolo26n,576,10,3,trt,scaled,10,MOT17-02,0.20537428023032633,0.37404756407296236,15,0.28846153846153844,0.1346153846153846,38,52,200
yolo26n,576,10,3,trt,scaled,10,MOT17-04,0.16097671263848068,0.23227676602180353,20,0.25316455696202533,0.0379746835443038,60,79,350
yolo26n,576,7,4,fp32,scaled,8,MOT17-09,0.5944798301486199,0.6019090398652442,39,1.5,0.4230769230769231,3,26,132
yolo26n,576,7,4,fp32,scaled,8,MOT17-02,0.272572402044293,0.44065733414485697,20,0.38461538461538464,0.17307692307692307,32,52,150
yolo26n,576,7,4,fp32,scaled,8,MOT17-04,0.1914360208584035,0.2779589175089664,25,0.31645569620253167,0.06329113924050633,58,79,263
yolo26n,576,7,4,int8,scaled,8,MOT17-09,0.5509554140127388,0.6243455497382199,33,1.2692307692307692,0.2692307692307692,6,26,132
yolo26n,576,7,4,int8,scaled,8,MOT17-02,0.23551959114139698,0.3712574850299401,7,0.1346153846153846,0.07692307692307693,40,52,150
yolo26n,576,7,4,int8,scaled,8,MOT17-04,0.10469314079422387,0.15578424414478353,24,0.3037974683544304,0.012658227848101266,64,79,263
yolo26n,576,7,4,trt,scaled,8,MOT17-09,0.6263269639065818,0.6514215080346106,30,1.1538461538461537,0.3076923076923077,3,26,132
yolo26n,576,7,4,trt,scaled,8,MOT17-02,0.19548551959114135,0.3750386160024714,12,0.23076923076923078,0.11538461538461539,37,52,150
yolo26n,576,7,4,trt,scaled,8,MOT17-04,0.15573606097071802,0.22928432942763213,22,0.27848101265822783,0.012658227848101266,61,79,263
yolo26n,576,5,6,fp32,scaled,5,MOT17-09,0.5135566188197767,0.5808695652173913,55,2.1153846153846154,0.3076923076923077,4,26,88
yolo26n,576,5,6,fp32,scaled,5,MOT17-02,0.2648752399232246,0.40947075208913647,23,0.4423076923076923,0.19230769230769232,34,52,100
yolo26n,576,5,6,fp32,scaled,5,MOT17-04,0.1800361881785284,0.2592914853946551,21,0.26582278481012656,0.0379746835443038,58,79,175
yolo26n,576,5,6,int8,scaled,5,MOT17-09,0.5023923444976077,0.5722952477249748,25,0.9615384615384616,0.23076923076923078,8,26,88
yolo26n,576,5,6,int8,scaled,5,MOT17-02,0.21944977607165705,0.34027425088877605,11,0.21153846153846154,0.07692307692307693,40,52,100
yolo26n,576,5,6,int8,scaled,5,MOT17-04,0.09966827503015685,0.1549636803874092,21,0.26582278481012656,0.0,65,79,175
yolo26n,576,5,6,trt,scaled,5,MOT17-09,0.5502392344497608,0.6146435452793835,32,1.2307692307692308,0.3076923076923077,6,26,88
yolo26n,576,5,6,trt,scaled,5,MOT17-02,0.19193857965451055,0.35933806146572106,12,0.23076923076923078,0.09615384615384616,39,52,100
yolo26n,576,5,6,trt,scaled,5,MOT17-04,0.14791917973462,0.20659677831756584,23,0.2911392405063291,0.012658227848101266,61,79,175
yolo26n,576,3,10,fp32,scaled,5,MOT17-09,0.352,0.44654088050314467,53,2.12,0.28,4,25,53
yolo26n,576,3,10,fp32,scaled,5,MOT17-02,0.2186495176848875,0.3088116410670978,10,0.19607843137254902,0.09803921568627451,34,51,60
yolo26n,576,3,10,fp32,scaled,5,MOT17-04,0.16272635814889336,0.24647145565620393,16,0.20253164556962025,0.0379746835443038,60,79,105
yolo26n,576,3,10,int8,scaled,5,MOT17-09,0.352,0.4744525547445255,27,1.08,0.2,9,25,53
yolo26n,576,3,10,int8,scaled,5,MOT17-02,0.20150053590568062,0.31560283687943264,3,0.058823529411764705,0.0784313725490196,42,51,60
yolo26n,576,3,10,int8,scaled,5,MOT17-04,0.08501006036217307,0.14027872972355496,13,0.16455696202531644,0.0,66,79,105
yolo26n,576,3,10,trt,scaled,5,MOT17-09,0.4026666666666666,0.46258503401360546,44,1.76,0.24,4,25,53
yolo26n,576,3,10,trt,scaled,5,MOT17-02,0.15541264737406213,0.26058631921824105,8,0.1568627450980392,0.0784313725490196,40,51,60
yolo26n,576,3,10,trt,scaled,5,MOT17-04,0.13028169014084512,0.18730986527596696,22,0.27848101265822783,0.0,63,79,105
yolo26n,576,2,15,fp32,scaled,5,MOT17-09,0.2326530612244898,0.32323232323232326,56,2.24,0.2,6,25,35
yolo26n,576,2,15,fp32,scaled,5,MOT17-02,0.17571884984025554,0.22556390977443608,24,0.48,0.08,37,50,40
yolo26n,576,2,15,fp32,scaled,5,MOT17-04,0.14231785579463951,0.22509702457956016,20,0.25316455696202533,0.012658227848101266,60,79,70
yolo26n,576,2,15,fp32,fixed,30,MOT17-09,0.22448979591836737,0.29901960784313725,68,2.72,0.32,6,25,35
yolo26n,576,2,15,fp32,fixed,30,MOT17-02,0.15335463258785942,0.21104294478527608,43,0.86,0.06,34,50,40
yolo26n,576,2,15,fp32,fixed,30,MOT17-04,0.1457153642884107,0.24234611666129552,20,0.25316455696202533,0.02531645569620253,60,79,70
yolo26n,576,2,15,int8,scaled,5,MOT17-09,0.25306122448979596,0.3313953488372093,29,1.16,0.12,12,25,35
yolo26n,576,2,15,int8,scaled,5,MOT17-02,0.1613418530351438,0.18691588785046728,14,0.28,0.08,42,50,40
yolo26n,576,2,15,int8,scaled,5,MOT17-04,0.06606266515666293,0.10839160839160839,10,0.12658227848101267,0.0,69,79,70
yolo26n,576,2,15,int8,fixed,30,MOT17-09,0.2612244897959184,0.3211267605633803,38,1.52,0.2,10,25,35
yolo26n,576,2,15,int8,fixed,30,MOT17-02,0.1485623003194888,0.176,23,0.46,0.06,41,50,40
yolo26n,576,2,15,int8,fixed,30,MOT17-04,0.06870517176292945,0.11912225705329153,12,0.1518987341772152,0.0,69,79,70
yolo26n,576,2,15,trt,scaled,5,MOT17-09,0.30204081632653057,0.3506849315068493,36,1.44,0.2,10,25,35
yolo26n,576,2,15,trt,scaled,5,MOT17-02,0.1309904153354633,0.18974358974358974,24,0.48,0.04,40,50,40
yolo26n,576,2,15,trt,scaled,5,MOT17-04,0.10645526613816536,0.16633266533066132,17,0.21518987341772153,0.0,66,79,70
yolo26n,576,2,15,trt,fixed,30,MOT17-09,0.28163265306122454,0.3253333333333333,49,1.96,0.28,9,25,35
yolo26n,576,2,15,trt,fixed,30,MOT17-02,0.12460063897763574,0.17743979721166034,37,0.74,0.08,40,50,40
yolo26n,576,2,15,trt,fixed,30,MOT17-04,0.10872027180067945,0.18151484818151484,14,0.17721518987341772,0.0,66,79,70
yolo26n,576,1,30,fp32,scaled,5,MOT17-09,0.12698412698412698,0.2131979695431472,25,1.1363636363636365,0.18181818181818182,4,22,18
yolo26n,576,1,30,fp32,scaled,5,MOT17-02,0.11821086261980829,0.1784776902887139,25,0.5,0.06,37,50,20
yolo26n,576,1,30,fp32,scaled,5,MOT17-04,0.08774583963691374,0.1451831750339213,20,0.2564102564102564,0.01282051282051282,66,78,35
yolo26n,576,1,30,fp32,fixed,30,MOT17-09,0.12698412698412698,0.22448979591836735,24,1.0909090909090908,0.18181818181818182,4,22,18
yolo26n,576,1,30,fp32,fixed,30,MOT17-02,0.11501597444089462,0.17232375979112272,26,0.52,0.06,37,50,20
yolo26n,576,1,30,fp32,fixed,30,MOT17-04,0.09001512859304084,0.14884979702300405,21,0.2692307692307692,0.01282051282051282,66,78,35
yolo26n,576,1,30,int8,scaled,5,MOT17-09,0.18253968253968256,0.23668639053254437,14,0.6363636363636364,0.13636363636363635,8,22,18
yolo26n,576,1,30,int8,scaled,5,MOT17-02,0.09265175718849838,0.13370473537604458,15,0.3,0.02,42,50,20
yolo26n,576,1,30,int8,scaled,5,MOT17-04,0.03479576399394857,0.06502890173410404,4,0.05128205128205128,0.0,74,78,35
yolo26n,576,1,30,int8,fixed,30,MOT17-09,0.18253968253968256,0.22093023255813954,17,0.7727272727272727,0.13636363636363635,8,22,18
yolo26n,576,1,30,int8,fixed,30,MOT17-02,0.09584664536741216,0.13259668508287292,17,0.34,0.02,41,50,20
yolo26n,576,1,30,int8,fixed,30,MOT17-04,0.036308623298033305,0.07653429602888087,3,0.038461538461538464,0.0,74,78,35
yolo26n,576,1,30,trt,scaled,5,MOT17-09,0.2142857142857143,0.2543352601156069,14,0.6363636363636364,0.13636363636363635,6,22,18
yolo26n,576,1,30,trt,scaled,5,MOT17-02,0.051118210862619806,0.13953488372093023,24,0.48,0.04,38,50,20
yolo26n,576,1,30,trt,scaled,5,MOT17-04,0.07639939485627834,0.12974465148378192,12,0.15384615384615385,0.0,68,78,35
yolo26n,576,1,30,trt,fixed,30,MOT17-09,0.2142857142857143,0.23595505617977527,19,0.8636363636363636,0.13636363636363635,5,22,18
yolo26n,576,1,30,trt,fixed,30,MOT17-02,0.051118210862619806,0.13333333333333333,27,0.54,0.04,38,50,20
yolo26n,576,1,30,trt,fixed,30,MOT17-04,0.08018154311649017,0.13195876288659794,13,0.16666666666666666,0.0,66,78,35
yolo26s,640,30,1,fp32,scaled,30,MOT17-09,0.6013351134846462,0.5978561965554618,26,1.0,0.7692307692307693,2,26,525
yolo26s,640,30,1,fp32,scaled,30,MOT17-02,0.3507931438305121,0.539553752535497,23,0.4339622641509434,0.2641509433962264,26,53,600
yolo26s,640,30,1,fp32,scaled,30,MOT17-04,0.3160895005148038,0.44245777305536216,28,0.35443037974683544,0.11392405063291139,41,79,1050
yolo26s,640,30,1,int8,scaled,30,MOT17-09,0.7399198931909212,0.667964946445959,23,0.8846153846153846,0.6153846153846154,3,26,525
yolo26s,640,30,1,int8,scaled,30,MOT17-02,0.30011710848504203,0.44752134299447593,23,0.4339622641509434,0.1509433962264151,31,53,600
yolo26s,640,30,1,int8,scaled,30,MOT17-04,0.27415182943672933,0.4199277429169044,20,0.25316455696202533,0.11392405063291139,46,79,1050
yolo26s,640,30,1,trt,scaled,30,MOT17-09,0.7161548731642189,0.656610703043022,27,1.0384615384615385,0.6923076923076923,3,26,525
yolo26s,640,30,1,trt,scaled,30,MOT17-02,0.32715852230384324,0.5195014073180538,22,0.41509433962264153,0.24528301886792453,28,53,600
yolo26s,640,30,1,trt,scaled,30,MOT17-04,0.36006127420205414,0.49011746003709267,40,0.5063291139240507,0.13924050632911392,39,79,1050
yolo26s,640,15,2,fp32,scaled,15,MOT17-09,0.6092750533049041,0.6438622028141678,19,0.7307692307692307,0.7307692307692307,2,26,263
yolo26s,640,15,2,fp32,scaled,15,MOT17-02,0.35583475298126066,0.5421606500599441,22,0.4230769230769231,0.25,24,52,300
yolo26s,640,15,2,fp32,scaled,15,MOT17-04,0.311683745228049,0.44923325855918805,28,0.35443037974683544,0.11392405063291139,43,79,525
yolo26s,640,15,2,int8,scaled,15,MOT17-09,0.7361407249466951,0.6795952782462057,27,1.0384615384615385,0.5769230769230769,3,26,263
yolo26s,640,15,2,int8,scaled,15,MOT17-02,0.294931856899489,0.47325581395348837,17,0.3269230769230769,0.17307692307692307,32,52,300
yolo26s,640,15,2,int8,scaled,15,MOT17-04,0.2665762507534659,0.3964916312382703,16,0.20253164556962025,0.11392405063291139,46,79,525
yolo26s,640,15,2,trt,scaled,15,MOT17-09,0.7084221748400853,0.6776420605416887,35,1.3461538461538463,0.6923076923076923,3,26,263
yolo26s,640,15,2,trt,scaled,15,MOT17-02,0.321763202725724,0.4762163631421582,23,0.4423076923076923,0.25,27,52,300
yolo26s,640,15,2,trt,scaled,15,MOT17-04,0.3532248342374925,0.49190225884358574,40,0.5063291139240507,0.13924050632911392,41,79,525
yolo26s,640,10,3,fp32,scaled,10,MOT17-09,0.5982357658380113,0.6538745387453875,39,1.5,0.7692307692307693,3,26,175
yolo26s,640,10,3,fp32,scaled,10,MOT17-02,0.34452975047984646,0.4936066571950477,26,0.5,0.25,26,52,200
yolo26s,640,10,3,fp32,scaled,10,MOT17-04,0.30831260833521745,0.44798936523762045,24,0.3037974683544304,0.11392405063291139,43,79,350
yolo26s,640,10,3,int8,scaled,10,MOT17-09,0.7129109863672815,0.6849785407725322,34,1.3076923076923077,0.4230769230769231,3,26,175
yolo26s,640,10,3,int8,scaled,10,MOT17-02,0.291106845809341,0.476713532513181,14,0.2692307692307692,0.15384615384615385,31,52,200
yolo26s,640,10,3,int8,scaled,10,MOT17-04,0.26015524907679555,0.38270607250057725,19,0.24050632911392406,0.10126582278481013,48,79,350
yolo26s,640,10,3,trt,scaled,10,MOT17-09,0.7000801924619086,0.6753036437246963,38,1.4615384615384615,0.6538461538461539,3,26,175
yolo26s,640,10,3,trt,scaled,10,MOT17-02,0.31957773512476007,0.4858966440189417,26,0.5,0.25,27,52,200
yolo26s,640,10,3,trt,scaled,10,MOT17-04,0.34810460471776317,0.48647197766802663,32,0.4050632911392405,0.13924050632911392,41,79,350
yolo26s,640,7,4,fp32,scaled,8,MOT17-09,0.6146496815286624,0.6881827209533267,31,1.1923076923076923,0.7307692307692307,3,26,132
yolo26s,640,7,4,fp32,scaled,8,MOT17-02,0.3351788756388415,0.48158328752061574,23,0.4423076923076923,0.25,27,52,150
yolo26s,640,7,4,fp32,scaled,8,MOT17-04,0.3044524669073405,0.45310074654446003,23,0.2911392405063291,0.12658227848101267,43,79,263
yolo26s,640,7,4,int8,scaled,8,MOT17-09,0.7006369426751593,0.6797687861271676,36,1.3846153846153846,0.46153846153846156,3,26,132
yolo26s,640,7,4,int8,scaled,8,MOT17-02,0.2879045996592845,0.4475937407735459,15,0.28846153846153844,0.17307692307692307,32,52,150
yolo26s,640,7,4,int8,scaled,8,MOT17-04,0.2530084235860409,0.3731931668856767,16,0.20253164556962025,0.10126582278481013,48,79,263
yolo26s,640,7,4,trt,scaled,8,MOT17-09,0.6878980891719746,0.6092643051771117,47,1.8076923076923077,0.6153846153846154,3,26,132
yolo26s,640,7,4,trt,scaled,8,MOT17-02,0.31729131175468483,0.4876423215773396,16,0.3076923076923077,0.23076923076923078,29,52,150
yolo26s,640,7,4,trt,scaled,8,MOT17-04,0.3407541115122342,0.4671689989235737,39,0.4936708860759494,0.13924050632911392,41,79,263
yolo26s,640,5,6,fp32,scaled,5,MOT17-09,0.5518341307814991,0.586687306501548,55,2.1153846153846154,0.5384615384615384,3,26,88
yolo26s,640,5,6,fp32,scaled,5,MOT17-02,0.33781190019193863,0.47183396865734856,22,0.4230769230769231,0.23076923076923078,28,52,100
yolo26s,640,5,6,fp32,scaled,5,MOT17-04,0.2922195416164053,0.4278327338129496,22,0.27848101265822783,0.08860759493670886,44,79,175
yolo26s,640,5,6,int8,scaled,5,MOT17-09,0.6028708133971292,0.5785270629991127,60,2.3076923076923075,0.3076923076923077,3,26,88
yolo26s,640,5,6,int8,scaled,5,MOT17-02,0.2763915547024952,0.4444444444444444,15,0.28846153846153844,0.15384615384615385,32,52,100
yolo26s,640,5,6,int8,scaled,5,MOT17-04,0.24110373944511465,0.3551159778641234,20,0.25316455696202533,0.0759493670886076,50,79,175
yolo26s,640,5,6,trt,scaled,5,MOT17-09,0.5917065390749601,0.5914069081718618,61,2.3461538461538463,0.46153846153846156,3,26,88
yolo26s,640,5,6,trt,scaled,5,MOT17-02,0.3141394753678822,0.483843537414966,14,0.2692307692307692,0.17307692307692307,29,52,100
yolo26s,640,5,6,trt,scaled,5,MOT17-04,0.3276537997587454,0.46214355948869223,28,0.35443037974683544,0.12658227848101267,41,79,175
yolo26s,640,3,10,fp32,scaled,5,MOT17-09,0.33333333333333337,0.4701086956521739,64,2.56,0.44,2,25,53
yolo26s,640,3,10,fp32,scaled,5,MOT17-02,0.2990353697749196,0.4401772525849335,22,0.43137254901960786,0.19607843137254902,28,51,60
yolo26s,640,3,10,fp32,scaled,5,MOT17-04,0.25855130784708247,0.3705984221666346,27,0.34177215189873417,0.05063291139240506,47,79,105
yolo26s,640,3,10,int8,scaled,5,MOT17-09,0.4,0.47474747474747475,45,1.8,0.2,4,25,53
yolo26s,640,3,10,int8,scaled,5,MOT17-02,0.21329046087888537,0.27917981072555204,26,0.5098039215686274,0.09803921568627451,34,51,60
yolo26s,640,3,10,int8,scaled,5,MOT17-04,0.21504024144869216,0.331925165962583,20,0.25316455696202533,0.06329113924050633,52,79,105
yolo26s,640,3,10,trt,scaled,5,MOT17-09,0.43466666666666665,0.49693251533742333,54,2.16,0.36,3,25,53
yolo26s,640,3,10,trt,scaled,5,MOT17-02,0.2540192926045016,0.3249258160237389,32,0.6274509803921569,0.13725490196078433,30,51,60
yolo26s,640,3,10,trt,scaled,5,MOT17-04,0.30432595573440646,0.43706880477344767,27,0.34177215189873417,0.10126582278481013,44,79,105
yolo26s,640,2,15,fp32,scaled,5,MOT17-09,0.13469387755102036,0.3006535947712418,79,3.16,0.36,5,25,35
yolo26s,640,2,15,fp32,scaled,5,MOT17-02,0.2507987220447284,0.33295063145809417,24,0.48,0.1,30,50,40
yolo26s,640,2,15,fp32,scaled,5,MOT17-04,0.2246130615326538,0.3223508459483526,33,0.4177215189873418,0.05063291139240506,51,79,70
yolo26s,640,2,15,fp32,fixed,30,MOT17-09,0.13469387755102036,0.27906976744186046,91,3.64,0.52,5,25,35
yolo26s,640,2,15,fp32,fixed,30,MOT17-02,0.22523961661341851,0.3188405797101449,40,0.8,0.1,28,50,40
yolo26s,640,2,15,fp32,fixed,30,MOT17-04,0.22838807097017744,0.3321492007104796,32,0.4050632911392405,0.05063291139240506,51,79,70
yolo26s,640,2,15,int8,scaled,5,MOT17-09,0.310204081632653,0.3541666666666667,41,1.64,0.16,7,25,35
yolo26s,640,2,15,int8,scaled,5,MOT17-02,0.1773162939297125,0.2331288343558282,20,0.4,0.1,35,50,40
yolo26s,640,2,15,int8,scaled,5,MOT17-04,0.17704794261985657,0.271850699844479,23,0.2911392405063291,0.02531645569620253,55,79,70
yolo26s,640,2,15,int8,fixed,30,MOT17-09,0.2979591836734694,0.3299492385786802,54,2.16,0.28,6,25,35
yolo26s,640,2,15,int8,fixed,30,MOT17-02,0.16613418530351443,0.23741007194244604,34,0.68,0.1,33,50,40
yolo26s,640,2,15,int8,fixed,30,MOT17-04,0.18271045677614195,0.2849179312480644,22,0.27848101265822783,0.02531645569620253,55,79,70
yolo26s,640,2,15,trt,scaled,5,MOT17-09,0.28979591836734697,0.357487922705314,52,2.08,0.24,5,25,35
yolo26s,640,2,15,trt,scaled,5,MOT17-02,0.21086261980830667,0.29364161849710985,29,0.58,0.14,31,50,40
yolo26s,640,2,15,trt,scaled,5,MOT17-04,0.2619856549641374,0.3873586546825167,30,0.379746835443038,0.0379746835443038,47,79,70
yolo26s,640,2,15,trt,fixed,30,MOT17-09,0.2693877551020408,0.32786885245901637,62,2.48,0.32,3,25,35
yolo26s,640,2,15,trt,fixed,30,MOT17-02,0.21086261980830667,0.2912400455062571,37,0.74,0.16,30,50,40
yolo26s,640,2,15,trt,fixed,30,MOT17-04,0.26500566251415625,0.3967611336032389,31,0.3924050632911392,0.0379746835443038,47,79,70
yolo26s,640,1,30,fp32,scaled,5,MOT17-09,0.05555555555555558,0.21428571428571427,35,1.5909090909090908,0.18181818181818182,3,22,18
yolo26s,640,1,30,fp32,scaled,5,MOT17-02,0.13738019169329074,0.25471698113207547,28,0.56,0.08,31,50,20
yolo26s,640,1,30,fp32,scaled,5,MOT17-04,0.15809379727685324,0.2550251256281407,25,0.32051282051282054,0.02564102564102564,56,78,35
yolo26s,640,1,30,fp32,fixed,30,MOT17-09,0.04761904761904767,0.22123893805309736,36,1.6363636363636365,0.18181818181818182,3,22,18
yolo26s,640,1,30,fp32,fixed,30,MOT17-02,0.12779552715654952,0.24242424242424243,32,0.64,0.08,30,50,20
yolo26s,640,1,30,fp32,fixed,30,MOT17-04,0.15960665658093798,0.25327510917030566,34,0.4358974358974359,0.02564102564102564,56,78,35
yolo26s,640,1,30,int8,scaled,5,MOT17-09,0.18253968253968256,0.23404255319148937,29,1.3181818181818181,0.2727272727272727,6,22,18
yolo26s,640,1,30,int8,scaled,5,MOT17-02,0.09904153354632583,0.165374677002584,17,0.34,0.04,39,50,20
yolo26s,640,1,30,int8,scaled,5,MOT17-04,0.12481089258698941,0.21642764015645372,15,0.19230769230769232,0.02564102564102564,60,78,35
yolo26s,640,1,30,int8,fixed,30,MOT17-09,0.19841269841269837,0.25906735751295334,32,1.4545454545454546,0.3181818181818182,4,22,18
yolo26s,640,1,30,int8,fixed,30,MOT17-02,0.09904153354632583,0.1641025641025641,20,0.4,0.04,37,50,20
yolo26s,640,1,30,int8,fixed,30,MOT17-04,0.1270801815431165,0.21558441558441557,18,0.23076923076923078,0.038461538461538464,60,78,35
yolo26s,640,1,30,trt,scaled,5,MOT17-09,0.18253968253968256,0.208955223880597,30,1.3636363636363635,0.2727272727272727,4,22,18
yolo26s,640,1,30,trt,scaled,5,MOT17-02,0.11821086261980829,0.24330900243309003,23,0.46,0.08,32,50,20
yolo26s,640,1,30,trt,scaled,5,MOT17-04,0.19591527987897128,0.30956733698964045,24,0.3076923076923077,0.038461538461538464,54,78,35
yolo26s,640,1,30,trt,fixed,30,MOT17-09,0.16666666666666663,0.21568627450980393,31,1.4090909090909092,0.22727272727272727,4,22,18
yolo26s,640,1,30,trt,fixed,30,MOT17-02,0.11821086261980829,0.23980815347721823,27,0.54,0.08,30,50,20
yolo26s,640,1,30,trt,fixed,30,MOT17-04,0.19667170953101365,0.3108682452944748,27,0.34615384615384615,0.05128205128205128,54,78,35
yolo26s,576,30,1,fp32,scaled,30,MOT17-09,0.5674232309746328,0.6083383685800604,31,1.1923076923076923,0.7692307692307693,2,26,525
yolo26s,576,30,1,fp32,scaled,30,MOT17-02,0.35451932290003196,0.5013225671724906,31,0.5849056603773585,0.2641509433962264,28,53,600
yolo26s,576,30,1,fp32,scaled,30,MOT17-04,0.27756711282991386,0.3967382135157934,37,0.46835443037974683,0.10126582278481013,45,79,1050
yolo26s,576,30,1,int8,scaled,30,MOT17-09,0.7158878504672896,0.6978335233751425,26,1.0,0.5,3,26,525
yolo26s,576,30,1,int8,scaled,30,MOT17-02,0.2897902693495156,0.45519010259505127,15,0.2830188679245283,0.1509433962264151,36,53,600
yolo26s,576,30,1,int8,scaled,30,MOT17-04,0.2395469727028452,0.36552830262488756,12,0.1518987341772152,0.10126582278481013,48,79,1050
yolo26s,576,30,1,trt,scaled,30,MOT17-09,0.7116154873164219,0.6876190476190476,30,1.1538461538461537,0.6153846153846154,3,26,525
yolo26s,576,30,1,trt,scaled,30,MOT17-02,0.3060789949962738,0.4984671125975474,26,0.49056603773584906,0.22641509433962265,28,53,600
yolo26s,576,30,1,trt,scaled,30,MOT17-04,0.31425629692875623,0.419059524247215,33,0.4177215189873418,0.11392405063291139,43,79,1050
yolo26s,576,15,2,fp32,scaled,15,MOT17-09,0.5863539445628998,0.6197114208853021,23,0.8846153846153846,0.7692307692307693,3,26,263
yolo26s,576,15,2,fp32,scaled,15,MOT17-02,0.3509369676320273,0.5063967383663714,25,0.4807692307692308,0.25,27,52,300
yolo26s,576,15,2,fp32,scaled,15,MOT17-04,0.27390998593530236,0.40836315690337166,26,0.3291139240506329,0.10126582278481013,45,79,525
yolo26s,576,15,2,int8,scaled,15,MOT17-09,0.7174840085287846,0.6852543834435183,29,1.1153846153846154,0.5384615384615384,3,26,263
yolo26s,576,15,2,int8,scaled,15,MOT17-02,0.28151618398637135,0.44457996645830156,9,0.17307692307692307,0.17307692307692307,35,52,300
yolo26s,576,15,2,int8,scaled,15,MOT17-04,0.23533252963632711,0.3611874656404618,13,0.16455696202531644,0.10126582278481013,49,79,525
yolo26s,576,15,2,trt,scaled,15,MOT17-09,0.7110874200426439,0.7007700770077008,30,1.1538461538461537,0.6538461538461539,3,26,263
yolo26s,576,15,2,trt,scaled,15,MOT17-02,0.30557921635434415,0.48774302620456467,19,0.36538461538461536,0.21153846153846154,28,52,300
yolo26s,576,15,2,trt,scaled,15,MOT17-04,0.3092726542093631,0.43906399940946333,27,0.34177215189873417,0.11392405063291139,43,79,525
yolo26s,576,10,3,fp32,scaled,10,MOT17-09,0.5805934242181234,0.6056338028169014,35,1.3461538461538463,0.7307692307692307,3,26,175
yolo26s,576,10,3,fp32,scaled,10,MOT17-02,0.344849648112604,0.48034188034188036,26,0.5,0.2692307692307692,27,52,200
yolo26s,576,10,3,fp32,scaled,10,MOT17-04,0.26965106639535763,0.4081493672322797,28,0.35443037974683544,0.08860759493670886,47,79,350
yolo26s,576,10,3,int8,scaled,10,MOT17-09,0.6968724939855653,0.6589698046181173,30,1.1538461538461537,0.34615384615384615,3,26,175
yolo26s,576,10,3,int8,scaled,10,MOT17-02,0.2741522712731925,0.4220567705909725,13,0.25,0.15384615384615385,35,52,200
yolo26s,576,10,3,int8,scaled,10,MOT17-04,0.228954706458663,0.34579439252336447,17,0.21518987341772153,0.10126582278481013,48,79,350
yolo26s,576,10,3,trt,scaled,10,MOT17-09,0.7161186848436247,0.6899191833262441,33,1.2692307692307692,0.5769230769230769,3,26,175
yolo26s,576,10,3,trt,scaled,10,MOT17-02,0.2987843889955214,0.477502691065662,19,0.36538461538461536,0.19230769230769232,28,52,200
yolo26s,576,10,3,trt,scaled,10,MOT17-04,0.3048458813776471,0.4107549580578857,25,0.31645569620253167,0.11392405063291139,43,79,350
yolo26s,576,7,4,fp32,scaled,8,MOT17-09,0.5690021231422505,0.5561657513729406,45,1.7307692307692308,0.6538461538461539,3,26,132
yolo26s,576,7,4,fp32,scaled,8,MOT17-02,0.34412265758092,0.5107122177185871,18,0.34615384615384615,0.25,27,52,150
yolo26s,576,7,4,fp32,scaled,8,MOT17-04,0.26634576815082234,0.409218406489273,23,0.2911392405063291,0.08860759493670886,47,79,263
yolo26s,576,7,4,int8,scaled,8,MOT17-09,0.6719745222929936,0.6623222748815166,39,1.5,0.34615384615384615,3,26,132
yolo26s,576,7,4,int8,scaled,8,MOT17-02,0.272572402044293,0.42105263157894735,10,0.19230769230769232,0.15384615384615385,35,52,150
yolo26s,576,7,4,int8,scaled,8,MOT17-04,0.22753710389089454,0.3534339682288785,16,0.20253164556962025,0.08860759493670886,51,79,263
yolo26s,576,7,4,trt,scaled,8,MOT17-09,0.6602972399150744,0.6362078812107367,47,1.8076923076923077,0.38461538461538464,3,26,132
yolo26s,576,7,4,trt,scaled,8,MOT17-02,0.3028109028960818,0.48703170028818443,15,0.28846153846153844,0.17307692307692307,30,52,150
yolo26s,576,7,4,trt,scaled,8,MOT17-04,0.30024067388688325,0.4264705882352941,22,0.27848101265822783,0.10126582278481013,44,79,263
yolo26s,576,5,6,fp32,scaled,5,MOT17-09,0.4832535885167464,0.5692188708430008,59,2.269230769230769,0.46153846153846156,3,26,88
yolo26s,576,5,6,fp32,scaled,5,MOT17-02,0.33205374280230326,0.47556142668428003,25,0.4807692307692308,0.23076923076923078,29,52,100
yolo26s,576,5,6,fp32,scaled,5,MOT17-04,0.248642943305187,0.36532006019215185,36,0.45569620253164556,0.0759493670886076,49,79,175
yolo26s,576,5,6,int8,scaled,5,MOT17-09,0.5917065390749601,0.6188747731397459,52,2.0,0.2692307692307692,3,26,88
yolo26s,576,5,6,int8,scaled,5,MOT17-02,0.2514395393474088,0.3931297709923664,16,0.3076923076923077,0.1346153846153846,36,52,100
yolo26s,576,5,6,int8,scaled,5,MOT17-04,0.2142641737032569,0.3256317689530686,17,0.21518987341772153,0.06329113924050633,52,79,175
yolo26s,576,5,6,trt,scaled,5,MOT17-09,0.6060606060606061,0.6081668114682884,52,2.0,0.38461538461538464,3,26,88
yolo26s,576,5,6,trt,scaled,5,MOT17-02,0.2885476647472809,0.41132242370632466,25,0.4807692307692308,0.17307692307692307,31,52,100
yolo26s,576,5,6,trt,scaled,5,MOT17-04,0.2879975874547648,0.41923467660006775,25,0.31645569620253167,0.08860759493670886,44,79,175
yolo26s,576,3,10,fp32,scaled,5,MOT17-09,0.28800000000000003,0.4392905866302865,62,2.48,0.36,3,25,53
yolo26s,576,3,10,fp32,scaled,5,MOT17-02,0.2711682743837085,0.33024691358024694,26,0.5098039215686274,0.19607843137254902,31,51,60
yolo26s,576,3,10,fp32,scaled,5,MOT17-04,0.22283702213279677,0.3196672608437314,27,0.34177215189873417,0.05063291139240506,53,79,105
yolo26s,576,3,10,int8,scaled,5,MOT17-09,0.41333333333333333,0.4820846905537459,54,2.16,0.28,3,25,53
yolo26s,576,3,10,int8,scaled,5,MOT17-02,0.210075026795284,0.2644628099173554,13,0.2549019607843137,0.09803921568627451,37,51,60
yolo26s,576,3,10,int8,scaled,5,MOT17-04,0.18284708249496984,0.27728491850629255,18,0.22784810126582278,0.0759493670886076,58,79,105
yolo26s,576,3,10,trt,scaled,5,MOT17-09,0.44533333333333336,0.5063291139240507,46,1.84,0.32,3,25,53
yolo26s,576,3,10,trt,scaled,5,MOT17-02,0.23579849946409437,0.3248259860788863,18,0.35294117647058826,0.13725490196078433,32,51,60
yolo26s,576,3,10,trt,scaled,5,MOT17-04,0.26207243460764584,0.37480739599383667,20,0.25316455696202533,0.08860759493670886,49,79,105
yolo26s,576,2,15,fp32,scaled,5,MOT17-09,0.13877551020408163,0.31004366812227074,67,2.68,0.2,5,25,35
yolo26s,576,2,15,fp32,scaled,5,MOT17-02,0.23482428115015974,0.3218116805721097,20,0.4,0.12,31,50,40
yolo26s,576,2,15,fp32,scaled,5,MOT17-04,0.20234050585126462,0.3066180935033394,23,0.2911392405063291,0.05063291139240506,56,79,70
yolo26s,576,2,15,fp32,fixed,30,MOT17-09,0.1428571428571429,0.29914529914529914,76,3.04,0.32,4,25,35
yolo26s,576,2,15,fp32,fixed,30,MOT17-02,0.2204472843450479,0.3062645011600928,34,0.68,0.12,30,50,40
yolo26s,576,2,15,fp32,fixed,30,MOT17-04,0.2030955077387694,0.30372840254622613,24,0.3037974683544304,0.05063291139240506,56,79,70
yolo26s,576,2,15,int8,scaled,5,MOT17-09,0.35510204081632657,0.4256410256410256,28,1.12,0.2,6,25,35
yolo26s,576,2,15,int8,scaled,5,MOT17-02,0.17252396166134187,0.22646310432569974,14,0.28,0.1,37,50,40
yolo26s,576,2,15,int8,scaled,5,MOT17-04,0.1574178935447339,0.24698412698412697,18,0.22784810126582278,0.02531645569620253,59,79,70
yolo26s,576,2,15,int8,fixed,30,MOT17-09,0.3224489795918367,0.3870967741935484,41,1.64,0.28,6,25,35
yolo26s,576,2,15,int8,fixed,30,MOT17-02,0.15974440894568687,0.21804511278195488,24,0.48,0.1,37,50,40
yolo26s,576,2,15,int8,fixed,30,MOT17-04,0.15779539448848623,0.25863708399366087,22,0.27848101265822783,0.02531645569620253,59,79,70
yolo26s,576,2,15,trt,scaled,5,MOT17-09,0.30204081632653057,0.3541147132169576,48,1.92,0.2,5,25,35
yolo26s,576,2,15,trt,scaled,5,MOT17-02,0.1485623003194888,0.2388419782870929,28,0.56,0.12,35,50,40
yolo26s,576,2,15,trt,scaled,5,MOT17-04,0.22989807474518686,0.3279666070363745,22,0.27848101265822783,0.0379746835443038,50,79,70
yolo26s,576,2,15,trt,fixed,30,MOT17-09,0.273469387755102,0.3228915662650602,59,2.36,0.28,4,25,35
yolo26s,576,2,15,trt,fixed,30,MOT17-02,0.14057507987220452,0.2308598351001178,43,0.86,0.12,33,50,40
yolo26s,576,2,15,trt,fixed,30,MOT17-04,0.2291430728576821,0.3315444245676804,24,0.3037974683544304,0.0379746835443038,51,79,70
yolo26s,576,1,30,fp32,scaled,5,MOT17-09,0.07936507936507942,0.23788546255506607,37,1.6818181818181819,0.22727272727272727,2,22,18
yolo26s,576,1,30,fp32,scaled,5,MOT17-02,0.12460063897763574,0.19801980198019803,24,0.48,0.08,32,50,20
yolo26s,576,1,30,fp32,scaled,5,MOT17-04,0.15355521936459904,0.25534591194968553,23,0.2948717948717949,0.05128205128205128,55,78,35
yolo26s,576,1,30,fp32,fixed,30,MOT17-09,0.05555555555555558,0.25,39,1.7727272727272727,0.2727272727272727,2,22,18
yolo26s,576,1,30,fp32,fixed,30,MOT17-02,0.1309904153354633,0.19656019656019655,27,0.54,0.08,31,50,20
yolo26s,576,1,30,fp32,fixed,30,MOT17-04,0.15733736762481088,0.2553191489361702,28,0.358974358974359,0.05128205128205128,55,78,35
yolo26s,576,1,30,int8,scaled,5,MOT17-09,0.15873015873015872,0.2198952879581152,27,1.2272727272727273,0.22727272727272727,4,22,18
yolo26s,576,1,30,int8,scaled,5,MOT17-02,0.09904153354632583,0.164021164021164,18,0.36,0.04,39,50,20
yolo26s,576,1,30,int8,scaled,5,MOT17-04,0.09304084720121031,0.1586021505376344,13,0.16666666666666666,0.01282051282051282,65,78,35
yolo26s,576,1,30,int8,fixed,30,MOT17-09,0.15873015873015872,0.2358974358974359,31,1.4090909090909092,0.2727272727272727,5,22,18
yolo26s,576,1,30,int8,fixed,30,MOT17-02,0.09904153354632583,0.16272965879265092,21,0.42,0.04,37,50,20
yolo26s,576,1,30,int8,fixed,30,MOT17-04,0.09379727685325268,0.15951742627345844,14,0.1794871794871795,0.02564102564102564,65,78,35
yolo26s,576,1,30,trt,scaled,5,MOT17-09,0.23015873015873012,0.24630541871921183,26,1.1818181818181819,0.22727272727272727,4,22,18
yolo26s,576,1,30,trt,scaled,5,MOT17-02,0.07028753993610226,0.17302798982188294,22,0.44,0.06,38,50,20
yolo26s,576,1,30,trt,scaled,5,MOT17-04,0.16338880484114982,0.2604884157795867,25,0.32051282051282054,0.02564102564102564,56,78,35
yolo26s,576,1,30,trt,fixed,30,MOT17-09,0.2222222222222222,0.2621359223300971,28,1.2727272727272727,0.2727272727272727,4,22,18
yolo26s,576,1,30,trt,fixed,30,MOT17-02,0.06709265175718848,0.1712846347607053,25,0.5,0.06,37,50,20
yolo26s,576,1,30,trt,fixed,30,MOT17-04,0.1588502269288956,0.2503128911138924,32,0.41025641025641024,0.02564102564102564,56,78,35
yolo26m,640,30,1,fp32,scaled,30,MOT17-09,0.5898531375166889,0.6443754478146645,14,0.5384615384615384,0.7307692307692307,1,26,525
yolo26m,640,30,1,fp32,scaled,30,MOT17-02,0.4210582348557437,0.5747427747558818,29,0.5471698113207547,0.2641509433962264,24,53,600
yolo26m,640,30,1,fp32,scaled,30,MOT17-04,0.28429723010471863,0.4211696435300324,26,0.3291139240506329,0.11392405063291139,46,79,1050
yolo26m,640,30,1,int8,scaled,30,MOT17-09,0.7727636849132176,0.727712902307035,23,0.8846153846153846,0.6153846153846154,3,26,525
yolo26m,640,30,1,int8,scaled,30,MOT17-02,0.360694133929522,0.5015001500150015,13,0.24528301886792453,0.1509433962264151,32,53,600
yolo26m,640,30,1,int8,scaled,30,MOT17-04,0.22872353783179733,0.37200714711137584,9,0.11392405063291139,0.10126582278481013,53,79,1050
yolo26m,640,30,1,trt,scaled,30,MOT17-09,0.7380507343124165,0.6670112417625016,24,0.9230769230769231,0.8076923076923077,2,26,525
yolo26m,640,30,1,trt,scaled,30,MOT17-02,0.43266262110081977,0.5598124581379772,31,0.5849056603773585,0.2641509433962264,24,53,600
yolo26m,640,30,1,trt,scaled,30,MOT17-04,0.3793726928002813,0.5357626201109758,36,0.45569620253164556,0.1518987341772152,34,79,1050
yolo26m,640,15,2,fp32,scaled,15,MOT17-09,0.6044776119402986,0.6692493946731235,18,0.6923076923076923,0.7692307692307693,2,26,263
yolo26m,640,15,2,fp32,scaled,15,MOT17-02,0.41269165247018735,0.5744709170770664,25,0.4807692307692308,0.2692307692307692,23,52,300
yolo26m,640,15,2,fp32,scaled,15,MOT17-04,0.2791340164757886,0.413135593220339,27,0.34177215189873417,0.11392405063291139,47,79,525
yolo26m,640,15,2,int8,scaled,15,MOT17-09,0.7686567164179104,0.7238204833141542,20,0.7692307692307693,0.5384615384615384,3,26,263
yolo26m,640,15,2,int8,scaled,15,MOT17-02,0.35221465076660985,0.49726941747572817,10,0.19230769230769232,0.1346153846153846,31,52,300
yolo26m,640,15,2,int8,scaled,15,MOT17-04,0.22242314647377937,0.37132691000679646,3,0.0379746835443038,0.10126582278481013,55,79,525
yolo26m,640,15,2,trt,scaled,15,MOT17-09,0.7409381663113006,0.7014613778705637,26,1.0,0.7307692307692307,2,26,263
yolo26m,640,15,2,trt,scaled,15,MOT17-02,0.4286626916524702,0.5597929719422501,27,0.5192307692307693,0.2692307692307692,25,52,300
yolo26m,640,15,2,trt,scaled,15,MOT17-04,0.3701024713682941,0.5227768685215494,30,0.379746835443038,0.1518987341772152,35,79,525
yolo26m,640,10,3,fp32,scaled,10,MOT17-09,0.6014434643143545,0.6434846266471449,21,0.8076923076923077,0.7692307692307693,2,26,175
yolo26m,640,10,3,fp32,scaled,10,MOT17-02,0.4062699936020473,0.5318246110325319,31,0.5961538461538461,0.25,25,52,200
yolo26m,640,10,3,fp32,scaled,10,MOT17-04,0.2756801567563494,0.42458801391344014,18,0.22784810126582278,0.11392405063291139,48,79,350
yolo26m,640,10,3,int8,scaled,10,MOT17-09,0.731355252606255,0.6798941798941799,23,0.8846153846153846,0.4230769230769231,3,26,175
yolo26m,640,10,3,int8,scaled,10,MOT17-02,0.3451695457453615,0.46529859349780955,14,0.2692307692307692,0.15384615384615385,31,52,200
yolo26m,640,10,3,int8,scaled,10,MOT17-04,0.21991107091717532,0.37490979071445757,3,0.0379746835443038,0.10126582278481013,55,79,350
yolo26m,640,10,3,trt,scaled,10,MOT17-09,0.7249398556535686,0.6592356687898089,35,1.3461538461538463,0.7307692307692307,3,26,175
yolo26m,640,10,3,trt,scaled,10,MOT17-02,0.42194497760716576,0.5412541254125413,29,0.5576923076923077,0.2692307692307692,24,52,200
yolo26m,640,10,3,trt,scaled,10,MOT17-04,0.3649860577285402,0.516701030927835,26,0.3291139240506329,0.1518987341772152,35,79,350
yolo26m,640,7,4,fp32,scaled,8,MOT17-09,0.6061571125265393,0.6706172839506173,38,1.4615384615384615,0.7307692307692307,2,26,132
yolo26m,640,7,4,fp32,scaled,8,MOT17-02,0.403747870528109,0.5554647042790951,21,0.40384615384615385,0.2692307692307692,25,52,150
yolo26m,640,7,4,fp32,scaled,8,MOT17-04,0.2690533493782591,0.41586575133485887,17,0.21518987341772153,0.11392405063291139,49,79,263
yolo26m,640,7,4,int8,scaled,8,MOT17-09,0.727176220806794,0.7005847953216374,29,1.1153846153846154,0.46153846153846156,3,26,132
yolo26m,640,7,4,int8,scaled,8,MOT17-02,0.3454003407155025,0.48079306071871125,7,0.1346153846153846,0.15384615384615385,31,52,150
yolo26m,640,7,4,int8,scaled,8,MOT17-04,0.21660649819494582,0.3536222561711024,5,0.06329113924050633,0.08860759493670886,55,79,263
yolo26m,640,7,4,trt,scaled,8,MOT17-09,0.7144373673036093,0.6251342642320086,47,1.8076923076923077,0.6538461538461539,3,26,132
yolo26m,640,7,4,trt,scaled,8,MOT17-02,0.4186541737649063,0.5487264673311185,21,0.40384615384615385,0.2692307692307692,25,52,150
yolo26m,640,7,4,trt,scaled,8,MOT17-04,0.3601083032490975,0.5155690272802425,27,0.34177215189873417,0.1518987341772152,35,79,263
yolo26m,640,5,6,fp32,scaled,5,MOT17-09,0.5311004784688995,0.5848042977743668,59,2.269230769230769,0.6153846153846154,2,26,88
yolo26m,640,5,6,fp32,scaled,5,MOT17-02,0.4037108125399872,0.5412156536219817,18,0.34615384615384615,0.23076923076923078,25,52,100
yolo26m,640,5,6,fp32,scaled,5,MOT17-04,0.25693606755126663,0.39369713822268565,15,0.189873417721519,0.0759493670886076,52,79,175
yolo26m,640,5,6,int8,scaled,5,MOT17-09,0.6251993620414673,0.5798165137614679,43,1.6538461538461537,0.34615384615384615,3,26,88
yolo26m,640,5,6,int8,scaled,5,MOT17-02,0.327575175943698,0.44559585492227977,14,0.2692307692307692,0.1346153846153846,31,52,100
yolo26m,640,5,6,int8,scaled,5,MOT17-04,0.20506634499396859,0.3308472918449688,9,0.11392405063291139,0.06329113924050633,57,79,175
yolo26m,640,5,6,trt,scaled,5,MOT17-09,0.6395534290271132,0.6215538847117794,53,2.0384615384615383,0.5,3,26,88
yolo26m,640,5,6,trt,scaled,5,MOT17-02,0.4049904030710173,0.514018691588785,22,0.4230769230769231,0.23076923076923078,24,52,100
yolo26m,640,5,6,trt,scaled,5,MOT17-04,0.35027141133896256,0.49437966172917325,34,0.43037974683544306,0.12658227848101267,36,79,175
yolo26m,640,3,10,fp32,scaled,5,MOT17-09,0.31200000000000006,0.42760487144790255,65,2.6,0.4,3,25,53
yolo26m,640,3,10,fp32,scaled,5,MOT17-02,0.3386923901393355,0.4536834427425237,34,0.6666666666666666,0.1568627450980392,28,51,60
yolo26m,640,3,10,fp32,scaled,5,MOT17-04,0.23239436619718312,0.36528958292152597,17,0.21518987341772153,0.05063291139240506,53,79,105
yolo26m,640,3,10,int8,scaled,5,MOT17-09,0.4106666666666666,0.39057239057239057,49,1.96,0.24,3,25,53
yolo26m,640,3,10,int8,scaled,5,MOT17-02,0.2711682743837085,0.3232157506152584,9,0.17647058823529413,0.09803921568627451,34,51,60
yolo26m,640,3,10,int8,scaled,5,MOT17-04,0.18133802816901412,0.29365079365079366,13,0.16455696202531644,0.0379746835443038,58,79,105
yolo26m,640,3,10,trt,scaled,5,MOT17-09,0.43466666666666665,0.49319213313161875,69,2.76,0.36,3,25,53
yolo26m,640,3,10,trt,scaled,5,MOT17-02,0.36334405144694537,0.4106745737583395,17,0.3333333333333333,0.1568627450980392,27,51,60
yolo26m,640,3,10,trt,scaled,5,MOT17-04,0.3086016096579477,0.4334545454545455,33,0.4177215189873418,0.08860759493670886,40,79,105
yolo26m,640,2,15,fp32,scaled,5,MOT17-09,0.11836734693877549,0.30669546436285094,81,3.24,0.4,5,25,35
yolo26m,640,2,15,fp32,scaled,5,MOT17-02,0.29872204472843455,0.3747178329571106,29,0.58,0.12,29,50,40
yolo26m,640,2,15,fp32,scaled,5,MOT17-04,0.20158550396375996,0.31524072370438516,18,0.22784810126582278,0.02531645569620253,57,79,70
yolo26m,640,2,15,fp32,fixed,30,MOT17-09,0.10204081632653061,0.2838983050847458,88,3.52,0.44,5,25,35
yolo26m,640,2,15,fp32,fixed,30,MOT17-02,0.2763578274760383,0.3568281938325991,51,1.02,0.12,27,50,40
yolo26m,640,2,15,fp32,fixed,30,MOT17-04,0.2057380143450359,0.3148261134838316,22,0.27848101265822783,0.0379746835443038,56,79,70
yolo26m,640,2,15,int8,scaled,5,MOT17-09,0.326530612244898,0.3924731182795699,39,1.56,0.2,6,25,35
yolo26m,640,2,15,int8,scaled,5,MOT17-02,0.207667731629393,0.24646983311938384,17,0.34,0.08,35,50,40
yolo26m,640,2,15,int8,scaled,5,MOT17-04,0.1457153642884107,0.2134107027724049,19,0.24050632911392406,0.02531645569620253,62,79,70
yolo26m,640,2,15,int8,fixed,30,MOT17-09,0.31836734693877555,0.36787564766839376,55,2.2,0.28,6,25,35
yolo26m,640,2,15,int8,fixed,30,MOT17-02,0.207667731629393,0.24556962025316456,28,0.56,0.08,35,50,40
yolo26m,640,2,15,int8,fixed,30,MOT17-04,0.14609286523216303,0.2133419271672575,19,0.24050632911392406,0.02531645569620253,62,79,70
yolo26m,640,2,15,trt,scaled,5,MOT17-09,0.34285714285714286,0.40375586854460094,61,2.44,0.36,4,25,35
yolo26m,640,2,15,trt,scaled,5,MOT17-02,0.29392971246006394,0.3623693379790941,27,0.54,0.12,31,50,40
yolo26m,640,2,15,trt,scaled,5,MOT17-04,0.27670819177047945,0.41963534361851335,25,0.31645569620253167,0.0379746835443038,45,79,70
yolo26m,640,2,15,trt,fixed,30,MOT17-09,0.326530612244898,0.3669724770642202,69,2.76,0.44,4,25,35
yolo26m,640,2,15,trt,fixed,30,MOT17-02,0.29073482428115016,0.3424036281179138,42,0.84,0.12,28,50,40
yolo26m,640,2,15,trt,fixed,30,MOT17-04,0.28463571158927903,0.42598271536102594,26,0.3291139240506329,0.0379746835443038,45,79,70
yolo26m,640,1,30,fp32,scaled,5,MOT17-09,0.04761904761904767,0.23893805309734514,36,1.6363636363636365,0.22727272727272727,3,22,18
yolo26m,640,1,30,fp32,scaled,5,MOT17-02,0.18530351437699677,0.2755344418052256,26,0.52,0.08,32,50,20
yolo26m,640,1,30,fp32,scaled,5,MOT17-04,0.14447806354009074,0.22988505747126436,27,0.34615384615384615,0.02564102564102564,56,78,35
yolo26m,640,1,30,fp32,fixed,30,MOT17-09,0.04761904761904767,0.2445414847161572,39,1.7727272727272727,0.2727272727272727,3,22,18
yolo26m,640,1,30,fp32,fixed,30,MOT17-02,0.18530351437699677,0.27014218009478674,27,0.54,0.08,31,50,20
yolo26m,640,1,30,fp32,fixed,30,MOT17-04,0.14447806354009074,0.2229299363057325,35,0.44871794871794873,0.02564102564102564,56,78,35
yolo26m,640,1,30,int8,scaled,5,MOT17-09,0.2063492063492064,0.24864864864864866,29,1.3181818181818181,0.13636363636363635,5,22,18
yolo26m,640,1,30,int8,scaled,5,MOT17-02,0.12140575079872207,0.1657754010695187,17,0.34,0.04,38,50,20
yolo26m,640,1,30,int8,scaled,5,MOT17-04,0.07866868381240544,0.14148351648351648,6,0.07692307692307693,0.02564102564102564,69,78,35
yolo26m,640,1,30,int8,fixed,30,MOT17-09,0.2142857142857143,0.2765957446808511,31,1.4090909090909092,0.22727272727272727,4,22,18
yolo26m,640,1,30,int8,fixed,30,MOT17-02,0.12140575079872207,0.164021164021164,19,0.38,0.04,38,50,20
yolo26m,640,1,30,int8,fixed,30,MOT17-04,0.0794251134644478,0.14246575342465753,7,0.08974358974358974,0.02564102564102564,69,78,35
yolo26m,640,1,30,trt,scaled,5,MOT17-09,0.19047619047619047,0.2549019607843137,38,1.7272727272727273,0.3181818181818182,4,22,18
yolo26m,640,1,30,trt,scaled,5,MOT17-02,0.19169329073482433,0.2696078431372549,27,0.54,0.1,31,50,20
yolo26m,640,1,30,trt,scaled,5,MOT17-04,0.18381240544629351,0.3016826923076923,27,0.34615384615384615,0.038461538461538464,52,78,35
yolo26m,640,1,30,trt,fixed,30,MOT17-09,0.19841269841269837,0.2647058823529412,37,1.6818181818181819,0.3181818181818182,4,22,18
yolo26m,640,1,30,trt,fixed,30,MOT17-02,0.19169329073482433,0.26763990267639903,30,0.6,0.1,30,50,20
yolo26m,640,1,30,trt,fixed,30,MOT17-04,0.18986384266263234,0.3018419489007724,36,0.46153846153846156,0.05128205128205128,51,78,35
yolo26m,576,30,1,fp32,scaled,30,MOT17-09,0.6173564753004006,0.608940600122474,20,0.7692307692307693,0.7692307692307693,2,26,525
yolo26m,576,30,1,fp32,scaled,30,MOT17-02,0.42680719684871715,0.5319784817692768,27,0.5094339622641509,0.2641509433962264,25,53,600
yolo26m,576,30,1,fp32,scaled,30,MOT17-04,0.26290148414153336,0.3939556031024338,30,0.379746835443038,0.10126582278481013,48,79,1050
yolo26m,576,30,1,int8,scaled,30,MOT17-09,0.7671562082777036,0.7150483335737988,17,0.6538461538461539,0.5384615384615384,3,26,525
yolo26m,576,30,1,int8,scaled,30,MOT17-02,0.3374853614393697,0.45740598618572526,13,0.24528301886792453,0.1509433962264151,32,53,600
yolo26m,576,30,1,int8,scaled,30,MOT17-04,0.19575098566083227,0.33812816777132537,5,0.06329113924050633,0.05063291139240506,57,79,1050
yolo26m,576,30,1,trt,scaled,30,MOT17-09,0.7257676902536716,0.6762477136137967,21,0.8076923076923077,0.6923076923076923,2,26,525
yolo26m,576,30,1,trt,scaled,30,MOT17-02,0.42627488555307147,0.5273416350839198,37,0.6981132075471698,0.22641509433962265,24,53,600
yolo26m,576,30,1,trt,scaled,30,MOT17-04,0.3243263604630723,0.46875,24,0.3037974683544304,0.13924050632911392,41,79,1050
yolo26m,576,15,2,fp32,scaled,15,MOT17-09,0.6226012793176972,0.6363636363636364,16,0.6153846153846154,0.7307692307692307,2,26,263
yolo26m,576,15,2,fp32,scaled,15,MOT17-02,0.41780238500851785,0.541543425652057,30,0.5769230769230769,0.2692307692307692,24,52,300
yolo26m,576,15,2,fp32,scaled,15,MOT17-04,0.25788627687361865,0.39803288765944367,24,0.3037974683544304,0.08860759493670886,50,79,525
yolo26m,576,15,2,int8,scaled,15,MOT17-09,0.7489339019189765,0.7098837209302326,25,0.9615384615384616,0.5,3,26,263
yolo26m,576,15,2,int8,scaled,15,MOT17-02,0.3309199318568995,0.4777933613838242,7,0.1346153846153846,0.15384615384615385,31,52,300
yolo26m,576,15,2,int8,scaled,15,MOT17-04,0.19062688366485836,0.3156852226302975,8,0.10126582278481013,0.05063291139240506,58,79,525
yolo26m,576,15,2,trt,scaled,15,MOT17-09,0.7292110874200426,0.7012371676757041,23,0.8846153846153846,0.6923076923076923,2,26,263
yolo26m,576,15,2,trt,scaled,15,MOT17-02,0.4067291311754685,0.5453542872897712,24,0.46153846153846156,0.19230769230769232,24,52,300
yolo26m,576,15,2,trt,scaled,15,MOT17-04,0.3168073136427567,0.46473240255962767,23,0.2911392405063291,0.12658227848101267,41,79,525
yolo26m,576,10,3,fp32,scaled,10,MOT17-09,0.631916599839615,0.6666666666666666,26,1.0,0.7307692307692307,3,26,175
yolo26m,576,10,3,fp32,scaled,10,MOT17-02,0.4222648752399232,0.5397994679762635,31,0.5961538461538461,0.25,25,52,200
yolo26m,576,10,3,fp32,scaled,10,MOT17-04,0.24998115909262186,0.39644867405559103,19,0.24050632911392406,0.10126582278481013,50,79,350
yolo26m,576,10,3,int8,scaled,10,MOT17-09,0.7433841218925421,0.7175639894086496,22,0.8461538461538461,0.5,3,26,175
yolo26m,576,10,3,int8,scaled,10,MOT17-02,0.3240563019833653,0.4566854990583804,11,0.21153846153846154,0.1346153846153846,32,52,200
yolo26m,576,10,3,int8,scaled,10,MOT17-04,0.18773080111538176,0.3103984088507676,9,0.11392405063291139,0.05063291139240506,59,79,350
yolo26m,576,10,3,trt,scaled,10,MOT17-09,0.706495589414595,0.6961770623742455,31,1.1923076923076923,0.6923076923076923,3,26,175
yolo26m,576,10,3,trt,scaled,10,MOT17-02,0.39827255278310936,0.5240485152655793,27,0.5192307692307693,0.23076923076923078,24,52,200
yolo26m,576,10,3,trt,scaled,10,MOT17-04,0.3074836084105811,0.46129280916198656,21,0.26582278481012656,0.12658227848101267,44,79,350
yolo26m,576,7,4,fp32,scaled,8,MOT17-09,0.6199575371549894,0.6511627906976745,36,1.3846153846153846,0.7692307692307693,2,26,132
yolo26m,576,7,4,fp32,scaled,8,MOT17-02,0.4195059625212947,0.5572057205720572,25,0.4807692307692308,0.25,25,52,150
yolo26m,576,7,4,fp32,scaled,8,MOT17-04,0.24588848776574412,0.3885705435960973,22,0.27848101265822783,0.08860759493670886,51,79,263
yolo26m,576,7,4,int8,scaled,8,MOT17-09,0.7059447983014862,0.7037914691943128,29,1.1153846153846154,0.46153846153846156,3,26,132
yolo26m,576,7,4,int8,scaled,8,MOT17-02,0.3164395229982965,0.45535148828372385,9,0.17307692307692307,0.15384615384615385,32,52,150
yolo26m,576,7,4,int8,scaled,8,MOT17-04,0.18261131167268352,0.2970165378542342,8,0.10126582278481013,0.0379746835443038,60,79,263
yolo26m,576,7,4,trt,scaled,8,MOT17-09,0.7091295116772824,0.6817691477885652,30,1.1538461538461537,0.6923076923076923,3,26,132
yolo26m,576,7,4,trt,scaled,8,MOT17-02,0.40034071550255534,0.5284712482468443,23,0.4423076923076923,0.17307692307692307,25,52,150
yolo26m,576,7,4,trt,scaled,8,MOT17-04,0.30194544725230643,0.4557278271731942,20,0.25316455696202533,0.12658227848101267,44,79,263
yolo26m,576,5,6,fp32,scaled,5,MOT17-09,0.5550239234449761,0.5721003134796239,69,2.6538461538461537,0.6538461538461539,3,26,88
yolo26m,576,5,6,fp32,scaled,5,MOT17-02,0.40563019833653235,0.5406091370558376,23,0.4423076923076923,0.25,25,52,100
yolo26m,576,5,6,fp32,scaled,5,MOT17-04,0.23552472858866103,0.37229029217719134,20,0.25316455696202533,0.06329113924050633,51,79,175
yolo26m,576,5,6,int8,scaled,5,MOT17-09,0.5996810207336523,0.6142322097378277,47,1.8076923076923077,0.3076923076923077,4,26,88
yolo26m,576,5,6,int8,scaled,5,MOT17-02,0.3039027511196417,0.4411196911196911,8,0.15384615384615385,0.1346153846153846,34,52,100
yolo26m,576,5,6,int8,scaled,5,MOT17-04,0.1749095295536791,0.26777819881268156,11,0.13924050632911392,0.0379746835443038,61,79,175
yolo26m,576,5,6,trt,scaled,5,MOT17-09,0.6236044657097288,0.6285714285714286,62,2.3846153846153846,0.38461538461538464,3,26,88
yolo26m,576,5,6,trt,scaled,5,MOT17-02,0.3800383877159309,0.5106382978723404,20,0.38461538461538464,0.17307692307692307,29,52,100
yolo26m,576,5,6,trt,scaled,5,MOT17-04,0.2913148371531966,0.44088311106130224,21,0.26582278481012656,0.10126582278481013,45,79,175
yolo26m,576,3,10,fp32,scaled,5,MOT17-09,0.33866666666666667,0.4111888111888112,71,2.84,0.36,3,25,53
yolo26m,576,3,10,fp32,scaled,5,MOT17-02,0.352625937834941,0.47015475313190863,21,0.4117647058823529,0.17647058823529413,27,51,60
yolo26m,576,3,10,fp32,scaled,5,MOT17-04,0.20045271629778671,0.32718426920737886,14,0.17721518987341772,0.06329113924050633,57,79,105
yolo26m,576,3,10,int8,scaled,5,MOT17-09,0.42666666666666664,0.5342465753424658,37,1.48,0.24,6,25,53
yolo26m,576,3,10,int8,scaled,5,MOT17-02,0.23687031082529475,0.3448275862068966,19,0.37254901960784315,0.0784313725490196,36,51,60
yolo26m,576,3,10,int8,scaled,5,MOT17-04,0.15392354124748486,0.22188776607181251,17,0.21518987341772153,0.0379746835443038,63,79,105
yolo26m,576,3,10,trt,scaled,5,MOT17-09,0.43999999999999995,0.5168195718654435,56,2.24,0.44,3,25,53
yolo26m,576,3,10,trt,scaled,5,MOT17-02,0.3247588424437299,0.4062968515742129,18,0.35294117647058826,0.13725490196078433,30,51,60
yolo26m,576,3,10,trt,scaled,5,MOT17-04,0.24798792756539234,0.3868217054263566,22,0.27848101265822783,0.08860759493670886,49,79,105
yolo26m,576,2,15,fp32,scaled,5,MOT17-09,0.15918367346938778,0.34347826086956523,70,2.8,0.44,5,25,35
yolo26m,576,2,15,fp32,scaled,5,MOT17-02,0.2460063897763578,0.3137254901960784,45,0.9,0.12,29,50,40
yolo26m,576,2,15,fp32,scaled,5,MOT17-04,0.17591543978859947,0.28785513581017796,14,0.17721518987341772,0.02531645569620253,58,79,70
yolo26m,576,2,15,fp32,fixed,30,MOT17-09,0.14693877551020407,0.326271186440678,81,3.24,0.52,5,25,35
yolo26m,576,2,15,fp32,fixed,30,MOT17-02,0.24760383386581475,0.3056179775280899,63,1.26,0.14,29,50,40
yolo26m,576,2,15,fp32,fixed,30,MOT17-04,0.17931294828237065,0.29140722291407223,14,0.17721518987341772,0.0379746835443038,58,79,70
yolo26m,576,2,15,int8,scaled,5,MOT17-09,0.310204081632653,0.33689839572192515,45,1.8,0.16,6,25,35
yolo26m,576,2,15,int8,scaled,5,MOT17-02,0.18370607028753994,0.20789473684210527,15,0.3,0.08,35,50,40
yolo26m,576,2,15,int8,scaled,5,MOT17-04,0.1268403171007928,0.18716931216931218,15,0.189873417721519,0.02531645569620253,64,79,70
yolo26m,576,2,15,int8,fixed,30,MOT17-09,0.30612244897959184,0.3160621761658031,58,2.32,0.24,6,25,35
yolo26m,576,2,15,int8,fixed,30,MOT17-02,0.1773162939297125,0.20492866407263294,30,0.6,0.08,34,50,40
yolo26m,576,2,15,int8,fixed,30,MOT17-04,0.12495281238203093,0.18927862342819324,18,0.22784810126582278,0.02531645569620253,64,79,70
yolo26m,576,2,15,trt,scaled,5,MOT17-09,0.2979591836734694,0.3490566037735849,60,2.4,0.32,4,25,35
yolo26m,576,2,15,trt,scaled,5,MOT17-02,0.2635782747603834,0.3466981132075472,27,0.54,0.16,31,50,40
yolo26m,576,2,15,trt,scaled,5,MOT17-04,0.23329558323895805,0.34676941315945464,21,0.26582278481012656,0.0379746835443038,51,79,70
yolo26m,576,2,15,trt,fixed,30,MOT17-09,0.27755102040816326,0.3194444444444444,69,2.76,0.36,3,25,35
yolo26m,576,2,15,trt,fixed,30,MOT17-02,0.2539936102236422,0.33178654292343385,45,0.9,0.16,29,50,40
yolo26m,576,2,15,trt,fixed,30,MOT17-04,0.2291430728576821,0.34574468085106386,22,0.27848101265822783,0.0379746835443038,51,79,70
yolo26m,576,1,30,fp32,scaled,5,MOT17-09,0.05555555555555558,0.2304147465437788,34,1.5454545454545454,0.22727272727272727,4,22,18
yolo26m,576,1,30,fp32,scaled,5,MOT17-02,0.19169329073482433,0.2692307692307692,25,0.5,0.06,30,50,20
yolo26m,576,1,30,fp32,scaled,5,MOT17-04,0.12329803328290467,0.20757180156657964,17,0.21794871794871795,0.02564102564102564,61,78,35
yolo26m,576,1,30,fp32,fixed,30,MOT17-09,0.04761904761904767,0.22935779816513763,34,1.5454545454545454,0.22727272727272727,4,22,18
yolo26m,576,1,30,fp32,fixed,30,MOT17-02,0.20447284345047922,0.26252983293556087,26,0.52,0.08,29,50,20
yolo26m,576,1,30,fp32,fixed,30,MOT17-04,0.12481089258698941,0.21196358907672302,19,0.24358974358974358,0.02564102564102564,61,78,35
yolo26m,576,1,30,int8,scaled,5,MOT17-09,0.16666666666666663,0.19428571428571428,24,1.0909090909090908,0.09090909090909091,6,22,18
yolo26m,576,1,30,int8,scaled,5,MOT17-02,0.14057507987220452,0.15675675675675677,11,0.22,0.06,39,50,20
yolo26m,576,1,30,int8,scaled,5,MOT17-04,0.08093797276853254,0.13444213444213443,6,0.07692307692307693,0.01282051282051282,70,78,35
yolo26m,576,1,30,int8,fixed,30,MOT17-09,0.16666666666666663,0.2033898305084746,26,1.1818181818181819,0.09090909090909091,6,22,18
yolo26m,576,1,30,int8,fixed,30,MOT17-02,0.13418530351437696,0.1554959785522788,14,0.28,0.06,39,50,20
yolo26m,576,1,30,int8,fixed,30,MOT17-04,0.08169440242057491,0.13573407202216067,6,0.07692307692307693,0.01282051282051282,70,78,35
yolo26m,576,1,30,trt,scaled,5,MOT17-09,0.1507936507936508,0.25,35,1.5909090909090908,0.2727272727272727,4,22,18
yolo26m,576,1,30,trt,scaled,5,MOT17-02,0.17571884984025554,0.2731707317073171,24,0.48,0.1,30,50,20
yolo26m,576,1,30,trt,scaled,5,MOT17-04,0.1475037821482602,0.25518541797611566,22,0.28205128205128205,0.038461538461538464,56,78,35
yolo26m,576,1,30,trt,fixed,30,MOT17-09,0.1507936507936508,0.24761904761904763,37,1.6818181818181819,0.2727272727272727,4,22,18
yolo26m,576,1,30,trt,fixed,30,MOT17-02,0.1821086261980831,0.2746987951807229,27,0.54,0.1,28,50,20
yolo26m,576,1,30,trt,fixed,30,MOT17-04,0.14826021180030258,0.2506265664160401,26,0.3333333333333333,0.05128205128205128,56,78,35
